PRAGMA foreign_keys = on;

--Table : Servico
INSERT INTO Servico (   
                        nome
                    )
                    VALUES(
                        "Alfa-Pendular"
                    );
            
INSERT INTO Servico (   
                        nome
                    )
                    VALUES(
                        "Intercidades"
                    );

INSERT INTO Servico (   
                        nome
                    )
                    VALUES(
                        "Regional"
                    );

INSERT INTO Servico (   
                        nome
                    )
                    VALUES(
                        "Urbano"
                    );

--Table : Cliente
INSERT INTO Cliente (   
                        nif,
                        nome
                    )
                    VALUES(
                        "131199282",
                        "Rodrigo Tuna de Andrade"
                    );

INSERT INTO Cliente (   
                        nif,
                        nome
                    )
                    VALUES(
                        "766573459",
                        "Clara Gonçalves da Costa"
                    );

INSERT INTO Cliente (   
                        nif,
                        nome
                    )
                    VALUES(
                        "834419570",
                        "Joaquim Fernando Teixeira"
                    );

INSERT INTO Cliente (   
                        nif,
                        nome
                    )
                    VALUES(
                        "545580961",
                        "Alexandre Borges Lopes"
                    );

INSERT INTO Cliente (   
                        nif,
                        nome
                    )
                    VALUES(
                        "773734252",
                        "Sérgio Miguel Rosa Estêvão"
                    );

INSERT INTO Cliente (   
                        nif,
                        nome
                    )
                    VALUES(
                        "777374837",
                        "Rogério Antunes Figueiredo"
                    );

INSERT INTO Cliente (   
                        nif,
                        nome
                    )
                    VALUES(
                        "156703269",
                        "João Tiago Pereira Lopes"
                    );

INSERT INTO Cliente (   
                        nif,
                        nome
                    )
                    VALUES(
                        "115299474",
                        "Beatriz Teixeira da Cunha"
                    );

INSERT INTO Cliente (   
                        nif,
                        nome
                    )
                    VALUES(
                        "881739114",
                        "Jorge Marques Almeida"
                    );

INSERT INTO Cliente (   
                        nif,
                        nome
                    )
                    VALUES(
                        "570208196",
                        "Ricardo Jorge Pinto"
                    );

INSERT INTO Cliente (   
                        nif,
                        nome
                    )
                    VALUES(
                        "459032296",
                        "Elisa Nogueira Teixeira"
                    );

INSERT INTO Cliente (   
                        nif,
                        nome
                    )
                    VALUES(
                        "099922403",
                        "Miguel Monteiro Mendes"
                    );

INSERT INTO Cliente (   
                        nif,
                        nome
                    )
                    VALUES(
                        "219213078",
                        "Rafaela Alexandra Silva"
                    );

INSERT INTO Cliente (   
                        nif,
                        nome
                    )
                    VALUES(
                        "025456613",
                        "Fernanda Lima Raposo"
                    );

INSERT INTO Cliente (   
                        nif,
                        nome
                    )
                    VALUES(
                        "201329033",
                        "Margarida Gomes Godinho Completo"
                    );

INSERT INTO Cliente (   
                        nif,
                        nome
                    )
                    VALUES(
                        "456702207",
                        "Joana Ribeiro Gomes"
                    );

INSERT INTO Cliente (   
                        nif,
                        nome
                    )
                    VALUES(
                        "798467573",
                        "Susana Isabel Lessa"
                    );

INSERT INTO Cliente (   
                        nif,
                        nome
                    )
                    VALUES(
                        "623677721",
                        "Vasco Miguel Macedo"
                    );

INSERT INTO Cliente (   
                        nif,
                        nome
                    )
                    VALUES(
                        "689860351",
                        "Maria do Céu Ferreira"
                    );

INSERT INTO Cliente (   
                        nif,
                        nome
                    )
                    VALUES(
                        "617323133",
                        "Matilde Miranda Vaz"
                    );


--Table: Estacao
INSERT INTO Estacao (   
                        nome,
                        morada,
                        codigoPostal,
                        localidade
                    )
                    VALUES(
                        "Campanhã",
                        "Largo da Estação",
                        "4300-173",
                        "Porto"
                    );

INSERT INTO Estacao (   
                        nome,
                        morada,
                        codigoPostal,
                        localidade
                    )
                    VALUES(
                        "São Bento",
                        "Praça Almeida Garrett",
                        "4000-069",
                        "Porto"
                    );

INSERT INTO Estacao (   
                        nome,
                        morada,
                        codigoPostal,
                        localidade
                    )
                    VALUES(
                        "Santa Apolónia",
                        "Av. Infante D. Henrique",
                        "1149-066",
                        "Lisboa"
                    );

INSERT INTO Estacao (   
                        nome,
                        morada,
                        codigoPostal,
                        localidade
                    )
                    VALUES(
                        "Oriente",
                        "Edifício Gare do Oriente, Piso 1 - Av. D. João II",
                        "4000-069",
                        "Lisboa"
                    );

INSERT INTO Estacao (   
                        nome,
                        morada,
                        codigoPostal,
                        localidade
                    )
                    VALUES(
                        "Coimbra",
                        "Largo da Ameias",
                        "3000-024",
                        "Coimbra"
                    );

INSERT INTO Estacao (   
                        nome,
                        morada,
                        codigoPostal,
                        localidade
                    )
                    VALUES(
                        "Coimbra-B",
                        "Rua do Padrão - Eiras",
                        "3025-045",
                        "Coimbra"
                    );

INSERT INTO Estacao (   
                        nome,
                        morada,
                        codigoPostal,
                        localidade
                    )
                    VALUES(
                        "Figueira da Foz",
                        "Largo da Estação",
                        "3080-021",
                        "Figueira da Foz"
                    );

INSERT INTO Estacao (   
                        nome,
                        morada,
                        codigoPostal,
                        localidade
                    )
                    VALUES(
                        "Aveiro",
                        "Largo da Estação dos Caminhos de Ferro",
                        "3800-179",
                        "Aveiro"
                    );

INSERT INTO Estacao (   
                        nome,
                        morada,
                        codigoPostal,
                        localidade
                    )
                    VALUES(
                        "Pampilhosa",
                        "Rua da Estação de Caminhos de Ferro",
                        "3050-443",
                        "Pampilhosa"
                    );

INSERT INTO Estacao (   
                        nome,
                        morada,
                        codigoPostal,
                        localidade
                    )
                    VALUES(
                        "Oliveira do Bairro",
                        "Largo da Estação",
                        "3770-921",
                        "Oliveira do Bairro"
                    );

INSERT INTO Estacao (   
                        nome,
                        morada,
                        codigoPostal,
                        localidade
                    )
                    VALUES(
                        "Mealhada",
                        "Av. Dr. Manuel Lousado",
                        "3050-343",
                        "Mealhada"
                    );

INSERT INTO Estacao (   
                        nome,
                        morada,
                        codigoPostal,
                        localidade
                    )
                    VALUES(
                        "Formoselha",
                        "Largo da Estação",
                        "3140-401",
                        "Formoselha"
                    );

INSERT INTO Estacao (   
                        nome,
                        morada,
                        codigoPostal,
                        localidade
                    )
                    VALUES(
                        "Pombal",
                        "Largo Salgueiro Maia",
                        "3100-495",
                        "Pombal"
                    );

INSERT INTO Estacao (   
                        nome,
                        morada,
                        codigoPostal,
                        localidade
                    )
                    VALUES(
                        "Faro",
                        "Largo da Estação dos Caminhos de Ferro",
                        "8000-133",
                        "Faro"
                    );

INSERT INTO Estacao (   
                        nome,
                        morada,
                        codigoPostal,
                        localidade
                    )
                    VALUES(
                        "Tunes",
                        "Largo 13 de Maio",
                        "8365-235",
                        "Tunes"
                    );


--Table: Trabalhador
INSERT INTO Trabalhador (   
                        nif,
                        nome,
                        idade,
                        numTelefone
                    )
                    VALUES(
                        "659387578",
                        "Afonso Martins Andrade",
                        25,
                        "224953213"
                    );

INSERT INTO Trabalhador (   
                        nif,
                        nome,
                        idade,
                        numTelefone
                    )
                    VALUES(
                        "119608152",
                        "Tiago Martins Andrade",
                        42,
                        "224953213"
                    );

INSERT INTO Trabalhador (   
                        nif,
                        nome,
                        idade,
                        numTelefone
                    )
                    VALUES(
                        "052416241",
                        "Joana Wilson Vieira",
                        32,
                        "227807169"
                    );

INSERT INTO Trabalhador (   
                        nif,
                        nome,
                        idade,
                        numTelefone
                    )
                    VALUES(
                        "139514911",
                        "Artur de Melo e Silva",
                        47,
                        "221959546"
                    );

INSERT INTO Trabalhador (   
                        nif,
                        nome,
                        idade,
                        numTelefone
                    )
                    VALUES(
                        "956978340",
                        "Madalena de Mello Sottomayor",
                        45,
                        "223772211"
                    );

INSERT INTO Trabalhador (   
                        nif,
                        nome,
                        idade,
                        numTelefone
                    )
                    VALUES(
                        "706598544",
                        "Rúben André Ferreira",
                        23,
                        "227513482"
                    );

INSERT INTO Trabalhador (   
                        nif,
                        nome,
                        idade,
                        numTelefone
                    )
                    VALUES(
                        "047417167",
                        "Mariana Sousa Lopes",
                        18,
                        "224650740"
                    );


INSERT INTO Trabalhador (   
                        nif,
                        nome,
                        idade,
                        numTelefone
                    )
                    VALUES(
                        "092797409",
                        "Ana Júlia Fonseca",
                        56,
                        "221843510"
                    );

INSERT INTO Trabalhador (   
                        nif,
                        nome,
                        idade,
                        numTelefone
                    )
                    VALUES(
                        "848547067",
                        "Tiago Mendes Saramago",
                        42,
                        "221322154"
                    );

INSERT INTO Trabalhador (   
                        nif,
                        nome,
                        idade,
                        numTelefone
                    )
                    VALUES(
                        "601853725",
                        "Afonso Martins Andrade",
                        38,
                        "226642122"
                    );

--Table: Maquinista
INSERT INTO Maquinista (   
                        nifMaquinista,
                        numLicensa
                    )
                    VALUES(
                        "659387578",
                        "406636544693"
                    );

INSERT INTO Maquinista (   
                        nifMaquinista,
                        numLicensa
                    )
                    VALUES(
                        "119608152",
                        "820439607970"
                    );

INSERT INTO Maquinista (   
                        nifMaquinista,
                        numLicensa
                    )
                    VALUES(
                        "052416241",
                        "677901396343"
                    );


--Table: Bilheteiro
INSERT INTO Bilheteiro (   
                        nifBilheteiro,
                        nomeEstacao
                    )
                    VALUES(
                        "139514911",
                        "Porto-Campanhã"
                    );

INSERT INTO Bilheteiro (   
                        nifBilheteiro,
                        nomeEstacao
                    )
                    VALUES(
                        "956978340",
                        "Lisboa-Oriente"
                    );


--Table: Revisor
INSERT INTO Revisor (   
                        nifRevisor,
                        identificacao,
                    )
                    VALUES(
                        "706598544",
                        "095727970"
                    );

INSERT INTO Revisor (   
                        nifRevisor,
                        identificacao,
                    )
                    VALUES(
                        "047417167",
                        "935945325"
                    );

INSERT INTO Revisor (   
                        nifRevisor,
                        identificacao,
                    )
                    VALUES(
                        "092797409",
                        "399791515"
                    );

INSERT INTO Revisor (   
                        nifRevisor,
                        identificacao,
                    )
                    VALUES(
                        "848547067",
                        "570404235"
                    );

INSERT INTO Revisor (   
                        nifRevisor,
                        identificacao,
                    )
                    VALUES(
                        "601853725",
                        "223091524"
                    );
