PRAGMA foreign_keys = on;

--Table : Servico
INSERT INTO Servico (   
                        nome
                    )
                    VALUES(
                        "Alfa-Pendular"
                    );
            
INSERT INTO Servico (   
                        nome
                    )
                    VALUES(
                        "Intercidades"
                    );

INSERT INTO Servico (   
                        nome
                    )
                    VALUES(
                        "Regional"
                    );

INSERT INTO Servico (   
                        nome
                    )
                    VALUES(
                        "Urbano"
                    );

--Table : Cliente
INSERT INTO Cliente (   
                        nif,
                        nome
                    )
                    VALUES(
                        "131199282",
                        "Rodrigo Tuna de Andrade"
                    );

INSERT INTO Cliente (   
                        nif,
                        nome
                    )
                    VALUES(
                        "766573459",
                        "Clara Goncalves da Costa"
                    );

INSERT INTO Cliente (   
                        nif,
                        nome
                    )
                    VALUES(
                        "834419570",
                        "Joaquim Fernando Teixeira"
                    );

INSERT INTO Cliente (   
                        nif,
                        nome
                    )
                    VALUES(
                        "545580961",
                        "Alexandre Borges Lopes"
                    );

INSERT INTO Cliente (   
                        nif,
                        nome
                    )
                    VALUES(
                        "773734252",
                        "Sergio Miguel Rosa Estevao"
                    );

INSERT INTO Cliente (   
                        nif,
                        nome
                    )
                    VALUES(
                        "777374837",
                        "Rogerio Antunes Figueiredo"
                    );

INSERT INTO Cliente (   
                        nif,
                        nome
                    )
                    VALUES(
                        "156703269",
                        "Joao Tiago Pereira Lopes"
                    );

INSERT INTO Cliente (   
                        nif,
                        nome
                    )
                    VALUES(
                        "115299474",
                        "Beatriz Teixeira da Cunha"
                    );

INSERT INTO Cliente (   
                        nif,
                        nome
                    )
                    VALUES(
                        "881739114",
                        "Jorge Marques Almeida"
                    );

INSERT INTO Cliente (   
                        nif,
                        nome
                    )
                    VALUES(
                        "570208196",
                        "Ricardo Jorge Pinto"
                    );

INSERT INTO Cliente (   
                        nif,
                        nome
                    )
                    VALUES(
                        "459032296",
                        "Elisa Nogueira Teixeira"
                    );

INSERT INTO Cliente (   
                        nif,
                        nome
                    )
                    VALUES(
                        "099922403",
                        "Miguel Monteiro Mendes"
                    );

INSERT INTO Cliente (   
                        nif,
                        nome
                    )
                    VALUES(
                        "219213078",
                        "Rafaela Alexandra Silva"
                    );

INSERT INTO Cliente (   
                        nif,
                        nome
                    )
                    VALUES(
                        "025456613",
                        "Fernanda Lima Raposo"
                    );

INSERT INTO Cliente (   
                        nif,
                        nome
                    )
                    VALUES(
                        "201329033",
                        "Margarida Gomes Godinho Completo"
                    );

INSERT INTO Cliente (   
                        nif,
                        nome
                    )
                    VALUES(
                        "456702207",
                        "Joana Ribeiro Gomes"
                    );

INSERT INTO Cliente (   
                        nif,
                        nome
                    )
                    VALUES(
                        "798467573",
                        "Susana Isabel Lessa"
                    );

INSERT INTO Cliente (   
                        nif,
                        nome
                    )
                    VALUES(
                        "623677721",
                        "Vasco Miguel Macedo"
                    );

INSERT INTO Cliente (   
                        nif,
                        nome
                    )
                    VALUES(
                        "689860351",
                        "Maria do Ceu Ferreira"
                    );

INSERT INTO Cliente (   
                        nif,
                        nome
                    )
                    VALUES(
                        "617323133",
                        "Matilde Miranda Vaz"
                    );


--Table: Estacao
INSERT INTO Estacao (   
                        nome,
                        morada,
                        codigoPostal,
                        localidade
                    )
                    VALUES(
                        "Campanha",
                        "Largo da Estacao",
                        "4300-173",
                        "Porto"
                    );

INSERT INTO Estacao (   
                        nome,
                        morada,
                        codigoPostal,
                        localidade
                    )
                    VALUES(
                        "Sao Bento",
                        "Praca Almeida Garrett",
                        "4000-069",
                        "Porto"
                    );

INSERT INTO Estacao (   
                        nome,
                        morada,
                        codigoPostal,
                        localidade
                    )
                    VALUES(
                        "Santa Apolonia",
                        "Av. Infante D. Henrique",
                        "1149-066",
                        "Lisboa"
                    );

INSERT INTO Estacao (   
                        nome,
                        morada,
                        codigoPostal,
                        localidade
                    )
                    VALUES(
                        "Oriente",
                        "Edificio Gare do Oriente, Piso 1 - Av. D. Joao II",
                        "4000-069",
                        "Lisboa"
                    );

INSERT INTO Estacao (   
                        nome,
                        morada,
                        codigoPostal,
                        localidade
                    )
                    VALUES(
                        "Coimbra",
                        "Largo da Ameias",
                        "3000-024",
                        "Coimbra"
                    );

INSERT INTO Estacao (   
                        nome,
                        morada,
                        codigoPostal,
                        localidade
                    )
                    VALUES(
                        "Coimbra-B",
                        "Rua do Padrao - Eiras",
                        "3025-045",
                        "Coimbra"
                    );

INSERT INTO Estacao (   
                        nome,
                        morada,
                        codigoPostal,
                        localidade
                    )
                    VALUES(
                        "Figueira da Foz",
                        "Largo da Estacao",
                        "3080-021",
                        "Figueira da Foz"
                    );

INSERT INTO Estacao (   
                        nome,
                        morada,
                        codigoPostal,
                        localidade
                    )
                    VALUES(
                        "Aveiro",
                        "Largo da Estacao dos Caminhos de Ferro",
                        "3800-179",
                        "Aveiro"
                    );

INSERT INTO Estacao (   
                        nome,
                        morada,
                        codigoPostal,
                        localidade
                    )
                    VALUES(
                        "Pampilhosa",
                        "Rua da Estacao de Caminhos de Ferro",
                        "3050-443",
                        "Pampilhosa"
                    );

INSERT INTO Estacao (   
                        nome,
                        morada,
                        codigoPostal,
                        localidade
                    )
                    VALUES(
                        "Oliveira do Bairro",
                        "Largo da Estacao",
                        "3770-921",
                        "Oliveira do Bairro"
                    );

INSERT INTO Estacao (   
                        nome,
                        morada,
                        codigoPostal,
                        localidade
                    )
                    VALUES(
                        "Mealhada",
                        "Av. Dr. Manuel Lousado",
                        "3050-343",
                        "Mealhada"
                    );

INSERT INTO Estacao (   
                        nome,
                        morada,
                        codigoPostal,
                        localidade
                    )
                    VALUES(
                        "Formoselha",
                        "Largo da Estacao",
                        "3140-401",
                        "Formoselha"
                    );

INSERT INTO Estacao (   
                        nome,
                        morada,
                        codigoPostal,
                        localidade
                    )
                    VALUES(
                        "Pombal",
                        "Largo Salgueiro Maia",
                        "3100-495",
                        "Pombal"
                    );

INSERT INTO Estacao (   
                        nome,
                        morada,
                        codigoPostal,
                        localidade
                    )
                    VALUES(
                        "Faro",
                        "Largo da Estacao dos Caminhos de Ferro",
                        "8000-133",
                        "Faro"
                    );

INSERT INTO Estacao (   
                        nome,
                        morada,
                        codigoPostal,
                        localidade
                    )
                    VALUES(
                        "Tunes",
                        "Largo 13 de Maio",
                        "8365-235",
                        "Tunes"
                    );


--Table: Trabalhador
INSERT INTO Trabalhador (   
                        nif,
                        nome,
                        idade,
                        numTelefone
                    )
                    VALUES(
                        "659387578",
                        "Afonso Martins Andrade",
                        25,
                        "224953213"
                    );

INSERT INTO Trabalhador (   
                        nif,
                        nome,
                        idade,
                        numTelefone
                    )
                    VALUES(
                        "119608152",
                        "Tiago Martins Andrade",
                        42,
                        "224953213"
                    );

INSERT INTO Trabalhador (   
                        nif,
                        nome,
                        idade,
                        numTelefone
                    )
                    VALUES(
                        "052416241",
                        "Joana Wilson Vieira",
                        32,
                        "227807169"
                    );

INSERT INTO Trabalhador (   
                        nif,
                        nome,
                        idade,
                        numTelefone
                    )
                    VALUES(
                        "139514911",
                        "Artur de Melo e Silva",
                        47,
                        "221959546"
                    );

INSERT INTO Trabalhador (   
                        nif,
                        nome,
                        idade,
                        numTelefone
                    )
                    VALUES(
                        "956978340",
                        "Madalena de Mello Sottomayor",
                        45,
                        "223772211"
                    );

INSERT INTO Trabalhador (   
                        nif,
                        nome,
                        idade,
                        numTelefone
                    )
                    VALUES(
                        "706598544",
                        "Ruben Andre Ferreira",
                        23,
                        "227513482"
                    );

INSERT INTO Trabalhador (   
                        nif,
                        nome,
                        idade,
                        numTelefone
                    )
                    VALUES(
                        "047417167",
                        "Mariana Sousa Lopes",
                        18,
                        "224650740"
                    );


INSERT INTO Trabalhador (   
                        nif,
                        nome,
                        idade,
                        numTelefone
                    )
                    VALUES(
                        "092797409",
                        "Ana Julia Fonseca",
                        56,
                        "221843510"
                    );

INSERT INTO Trabalhador (   
                        nif,
                        nome,
                        idade,
                        numTelefone
                    )
                    VALUES(
                        "848547067",
                        "Tiago Mendes Saramago",
                        42,
                        "221322154"
                    );

INSERT INTO Trabalhador (   
                        nif,
                        nome,
                        idade,
                        numTelefone
                    )
                    VALUES(
                        "601853725",
                        "Afonso Martins Andrade",
                        38,
                        "226642122"
                    );

--Table: Maquinista
INSERT INTO Maquinista (   
                        nifMaquinista,
                        numLicensa
                    )
                    VALUES(
                        "659387578",
                        "406636544693"
                    );

INSERT INTO Maquinista (   
                        nifMaquinista,
                        numLicensa
                    )
                    VALUES(
                        "119608152",
                        "820439607970"
                    );

INSERT INTO Maquinista (   
                        nifMaquinista,
                        numLicensa
                    )
                    VALUES(
                        "052416241",
                        "677901396343"
                    );


--Table: Bilheteiro
INSERT INTO Bilheteiro (   
                        nifBilheteiro,
                        nomeEstacao
                    )
                    VALUES(
                        "139514911",
                        "Campanha"
                    );

INSERT INTO Bilheteiro (   
                        nifBilheteiro,
                        nomeEstacao
                    )
                    VALUES(
                        "956978340",
                        "Oriente"
                    );


--Table: Revisor
INSERT INTO Revisor (   
                        nifRevisor,
                        identificacao
                    )
                    VALUES(
                        "706598544",
                        "095727970"
                    );

INSERT INTO Revisor (   
                        nifRevisor,
                        identificacao
                    )
                    VALUES(
                        "047417167",
                        "935945325"
                    );

INSERT INTO Revisor (   
                        nifRevisor,
                        identificacao
                    )
                    VALUES(
                        "092797409",
                        "399791515"
                    );

INSERT INTO Revisor (   
                        nifRevisor,
                        identificacao
                    )
                    VALUES(
                        "848547067",
                        "570404235"
                    );

INSERT INTO Revisor (   
                        nifRevisor,
                        identificacao
                    )
                    VALUES(
                        "601853725",
                        "223091524"
                    );


--Table: Comboio
INSERT INTO Comboio (   
                        marca,
                        modelo
                    )
                    VALUES(
                        "GE Transportation",
                        "NAHX 44703"
                    );

INSERT INTO Comboio (   
                        marca,
                        modelo
                    )
                    VALUES(
                        "GE Transportation",
                        "NAHX 44703"
                    );

INSERT INTO Comboio (   
                        marca,
                        modelo
                    )
                    VALUES(
                        "GE Transportation",
                        "NAHX 44703"
                    );

INSERT INTO Comboio (   
                        marca,
                        modelo
                    )
                    VALUES(
                        "GE Transportation",
                        "NAHX 38781"
                    );

INSERT INTO Comboio (   
                        marca,
                        modelo
                    )
                    VALUES(
                        "GE Transportation",
                        "NAHX 38781"
                    );

INSERT INTO Comboio (   
                        marca,
                        modelo
                    )
                    VALUES(
                        "Stadler",
                        "Regio-Shuttle RS1"
                    );

INSERT INTO Comboio (   
                        marca,
                        modelo
                    )
                    VALUES(
                        "Stadler",
                        "FLIRT"
                    );

INSERT INTO Comboio (   
                        marca,
                        modelo
                    )
                    VALUES(
                        "Stadler",
                        "FLIRT"
                    );

INSERT INTO Comboio (   
                        marca,
                        modelo
                    )
                    VALUES(
                        "Stadler",
                        "SPATZ"
                    );

INSERT INTO Comboio (   
                        marca,
                        modelo
                    )
                    VALUES(
                        "Korail",
                        "ITX-Saemaul"
                    );


INSERT INTO Comboio (   
                        marca,
                        modelo
                    )
                    VALUES(
                        "Korail",
                        "ITX-Saemaul"
                    );

INSERT INTO Comboio (   
                        marca,
                        modelo
                    )
                    VALUES(
                        "DB",
                        "ICE 4"
                    );



--Table: ComboioVelocidade
INSERT INTO ComboioVel(   
                        marca,
                        modelo,
                        velMaxima
                    )
                    VALUES(
                        "GE Transportation",
                        "NAHX 44703",
                        103
                    );

INSERT INTO ComboioVel(   
                        marca,
                        modelo,
                        velMaxima
                    )
                    VALUES(
                        "GE Transportation",
                        "NAHX 38781",
                        97
                    );

INSERT INTO ComboioVel(   
                        marca,
                        modelo,
                        velMaxima
                    )
                    VALUES(
                        "Stadler",
                        "Regio-Shuttle RS1",
                        193
                    );

INSERT INTO ComboioVel(   
                        marca,
                        modelo,
                        velMaxima
                    )
                    VALUES(
                        "Stadler",
                        "FLIRT",
                        203
                    );

INSERT INTO ComboioVel(   
                        marca,
                        modelo,
                        velMaxima
                    )
                    VALUES(
                        "Stadler",
                        "Spatz",
                        213
                    );

INSERT INTO ComboioVel(   
                        marca,
                        modelo,
                        velMaxima
                    )
                    VALUES(
                        "Korail",
                        "ITX-Saemaul",
                        290
                    );

INSERT INTO ComboioVel(   
                        marca,
                        modelo,
                        velMaxima
                    )
                    VALUES(
                        "DB",
                        "ICE 4",
                        201
                    );


--Table: ComboioCarga
INSERT INTO ComboioCarga(   
                        id,
                        maxCarga
                    )
                    VALUES(
                        1,
                        3.3
                    );

INSERT INTO ComboioCarga(   
                        id,
                        maxCarga
                    )
                    VALUES(
                        2,
                        3.2
                    );

INSERT INTO ComboioCarga(   
                        id,
                        maxCarga
                    )
                    VALUES(
                        3,
                        3.3
                    );


--Table: ComboioPassageiros
INSERT INTO ComboioPassageiros(   
                                id,
                                lugares
                            )
                            VALUES(
                                4,
                                120
                            );

INSERT INTO ComboioPassageiros(   
                                id,
                                lugares
                            )
                            VALUES(
                                5,
                                115
                            );

INSERT INTO ComboioPassageiros(   
                                id,
                                lugares
                            )
                            VALUES(
                                6,
                                135
                            );

INSERT INTO ComboioPassageiros(   
                                id,
                                lugares
                            )
                            VALUES(
                                7,
                                210
                            );

INSERT INTO ComboioPassageiros(   
                                id,
                                lugares
                            )
                            VALUES(
                                8,
                                198
                            );

INSERT INTO ComboioPassageiros(   
                                id,
                                lugares
                            )
                            VALUES(
                                9,
                                140
                            );

INSERT INTO ComboioPassageiros(   
                                id,
                                lugares
                            )
                            VALUES(
                                10,
                                210
                            );

INSERT INTO ComboioPassageiros(   
                                id,
                                lugares
                            )
                            VALUES(
                                11,
                                210
                            );

INSERT INTO ComboioPassageiros(   
                                id,
                                lugares
                            )
                            VALUES(
                                12,
                                188
                            );

--Table: Rota
INSERT INTO Rota(   
                    titulo,
                    nomeServico
                )
                VALUES(
                    "Porto/Faro",
                    "Alfa-Pendular"
                );

INSERT INTO Rota(   
                    titulo,
                    nomeServico
                )
                VALUES(
                    "Lisboa/Porto",
                    "Intercidades"
                );

INSERT INTO Rota(   
                    titulo,
                    nomeServico
                )
                VALUES(
                    "Porto/Lisboa",
                    "Intercidades"
                );

INSERT INTO Rota(   
                    titulo,
                    nomeServico
                )
                VALUES(
                    "Coimbra/Aveiro",
                    "Regional"
                );

INSERT INTO Rota(   
                    titulo,
                    nomeServico
                )
                VALUES(
                    "Aveiro/Coimbra",
                    "Regional"
                );

INSERT INTO Rota(   
                    titulo,
                    nomeServico
                )
                VALUES(
                    NULL,
                    "Urbano"
                );


--Table: Informacao
INSERT INTO Informacao(   
                    nomeEstacao,
                    idRota,
                    tempoDeChegada
                )
                VALUES(
                    "Campanha",
                    1,
                    0
                );

INSERT INTO Informacao(   
                    nomeEstacao,
                    idRota,
                    tempoDeChegada
                )
                VALUES(
                    "Aveiro",
                    1,
                    49
                );

INSERT INTO Informacao(   
                    nomeEstacao,
                    idRota,
                    tempoDeChegada
                )
                VALUES(
                    "Coimbra-B",
                    1,
                    76
                );

INSERT INTO Informacao(   
                    nomeEstacao,
                    idRota,
                    tempoDeChegada
                )
                VALUES(
                    "Oriente",
                    1,
                    171
                );

INSERT INTO Informacao(   
                    nomeEstacao,
                    idRota,
                    tempoDeChegada
                )
                VALUES(
                    "Tunes",
                    1,
                    323
                );

INSERT INTO Informacao(   
                    nomeEstacao,
                    idRota,
                    tempoDeChegada
                )
                VALUES(
                    "Faro",
                    1,
                    351
                );

INSERT INTO Informacao(   
                    nomeEstacao,
                    idRota,
                    tempoDeChegada
                )
                VALUES(
                    "Oriente",
                    2,
                    0
                );

INSERT INTO Informacao(   
                    nomeEstacao,
                    idRota,
                    tempoDeChegada
                )
                VALUES(
                    "Pombal",
                    2,
                    83
                );

INSERT INTO Informacao(   
                    nomeEstacao,
                    idRota,
                    tempoDeChegada
                )
                VALUES(
                    "Coimbra-B",
                    2,
                    108
                );

INSERT INTO Informacao(   
                    nomeEstacao,
                    idRota,
                    tempoDeChegada
                )
                VALUES(
                    "Mealhada",
                    2,
                    121
                );

INSERT INTO Informacao(   
                    nomeEstacao,
                    idRota,
                    tempoDeChegada
                )
                VALUES(
                    "Aveiro",
                    2,
                    141
                );

INSERT INTO Informacao(   
                    nomeEstacao,
                    idRota,
                    tempoDeChegada
                )
                VALUES(
                    "Campanha",
                    2,
                    194
                );

INSERT INTO Informacao(   
                    nomeEstacao,
                    idRota,
                    tempoDeChegada
                )
                VALUES(
                    "Campanha",
                    3,
                    0
                );

INSERT INTO Informacao(   
                    nomeEstacao,
                    idRota,
                    tempoDeChegada
                )
                VALUES(
                    "Aveiro",
                    3,
                    55
                );

INSERT INTO Informacao(   
                    nomeEstacao,
                    idRota,
                    tempoDeChegada
                )
                VALUES(
                    "Mealhada",
                    3,
                    72
                );

INSERT INTO Informacao(   
                    nomeEstacao,
                    idRota,
                    tempoDeChegada
                )
                VALUES(
                    "Coimbra-B",
                    3,
                    87
                );

INSERT INTO Informacao(   
                    nomeEstacao,
                    idRota,
                    tempoDeChegada
                )
                VALUES(
                    "Pombal",
                    3,
                    112
                );

INSERT INTO Informacao(   
                    nomeEstacao,
                    idRota,
                    tempoDeChegada
                )
                VALUES(
                    "Oriente",
                    3,
                    195
                );

INSERT INTO Informacao(   
                    nomeEstacao,
                    idRota,
                    tempoDeChegada
                )
                VALUES(
                    "Coimbra",
                    4,
                    0
                );

INSERT INTO Informacao(   
                    nomeEstacao,
                    idRota,
                    tempoDeChegada
                )
                VALUES(
                    "Coimbra-B",
                    4,
                    4
                );

INSERT INTO Informacao(   
                    nomeEstacao,
                    idRota,
                    tempoDeChegada
                )
                VALUES(
                    "Pampilhosa",
                    4,
                    21
                );

INSERT INTO Informacao(   
                    nomeEstacao,
                    idRota,
                    tempoDeChegada
                )
                VALUES(
                    "Mealhada",
                    4,
                    25
                );

INSERT INTO Informacao(   
                    nomeEstacao,
                    idRota,
                    tempoDeChegada
                )
                VALUES(
                    "Oliveira do Bairro",
                    4,
                    43
                );

INSERT INTO Informacao(   
                    nomeEstacao,
                    idRota,
                    tempoDeChegada
                )
                VALUES(
                    "Aveiro",
                    4,
                    60
                );

INSERT INTO Informacao(   
                    nomeEstacao,
                    idRota,
                    tempoDeChegada
                )
                VALUES(
                    "Aveiro",
                    5,
                    0
                );

INSERT INTO Informacao(   
                    nomeEstacao,
                    idRota,
                    tempoDeChegada
                )
                VALUES(
                    "Oliveira do Bairro",
                    5,
                    17
                );

INSERT INTO Informacao(   
                    nomeEstacao,
                    idRota,
                    tempoDeChegada
                )
                VALUES(
                    "Mealhada",
                    5,
                    35
                );

INSERT INTO Informacao(   
                    nomeEstacao,
                    idRota,
                    tempoDeChegada
                )
                VALUES(
                    "Pampilhosa",
                    5,
                    39
                );

INSERT INTO Informacao(   
                    nomeEstacao,
                    idRota,
                    tempoDeChegada
                )
                VALUES(
                    "Coimbra-B",
                    5,
                    56
                );

INSERT INTO Informacao(   
                    nomeEstacao,
                    idRota,
                    tempoDeChegada
                )
                VALUES(
                    "Coimbra",
                    5,
                    60
                );

INSERT INTO Informacao(   
                    nomeEstacao,
                    idRota,
                    tempoDeChegada
                )
                VALUES(
                    "Coimbra",
                    6,
                    0
                );

INSERT INTO Informacao(   
                    nomeEstacao,
                    idRota,
                    tempoDeChegada
                )
                VALUES(
                    "Coimbra-B",
                    6,
                    9
                );

INSERT INTO Informacao(   
                    nomeEstacao,
                    idRota,
                    tempoDeChegada
                )
                VALUES(
                    "Formoselha",
                    6,
                    34
                );

INSERT INTO Informacao(   
                    nomeEstacao,
                    idRota,
                    tempoDeChegada
                )
                VALUES(
                    "Figueira da Foz",
                    6,
                    70
                );


--Table : Viagem

INSERT INTO Viagem(   
                    data,
                    horaDePartida,
                    idComboio,
                    idRota,
                    nifMaquinista
                )
                VALUES(
                    "10/05/2021",
                    "09:30",
                    5,
                    1,
                    "119608152"   
                );

INSERT INTO Viagem(   
                    data,
                    horaDePartida,
                    idComboio,
                    idRota,
                    nifMaquinista
                )
                VALUES(
                    "10/05/2021",
                    "10:30",
                    4,
                    2,
                    "659387578"   
                );

INSERT INTO Viagem(   
                    data,
                    horaDePartida,
                    idComboio,
                    idRota,
                    nifMaquinista
                )
                VALUES(
                    "11/05/2021",
                    "17:30",
                    7,
                    3,
                    "052416241"   
                );
               