PRAGMA foreign_keys = on;


--Table : Servico
INSERT INTO Servico (   
                        nomeServico
                    )
                    VALUES(
                        'Alfa-Pendular'
                    );
            
INSERT INTO Servico (   
                        nomeServico
                    )
                    VALUES(
                        'Intercidades'
                    );

INSERT INTO Servico (   
                        nomeServico
                    )
                    VALUES(
                        'Regional'
                    );

INSERT INTO Servico (   
                        nomeServico
                    )
                    VALUES(
                        'Urbano'
                    );

INSERT INTO Servico (   
                        nomeServico
                    )
                    VALUES(
                        'Cargas'
                    );

--Table : Cliente
INSERT INTO Cliente (   
                        nifCliente,
                        nome
                    )
                    VALUES(
                        '131199282',
                        'Rodrigo Tuna de Andrade'
                    );

INSERT INTO Cliente (   
                        nifCliente,
                        nome
                    )
                    VALUES(
                        '766573459',
                        'Clara Goncalves da Costa'
                    );

INSERT INTO Cliente (   
                        nifCliente,
                        nome
                    )
                    VALUES(
                        '834419570',
                        'Joaquim Fernando Teixeira'
                    );

INSERT INTO Cliente (   
                        nifCliente,
                        nome
                    )
                    VALUES(
                        '545580961',
                        'Alexandre Borges Lopes'
                    );

INSERT INTO Cliente (   
                        nifCliente,
                        nome
                    )
                    VALUES(
                        '773734252',
                        'Sergio Miguel Rosa Estevao'
                    );

INSERT INTO Cliente (   
                        nifCliente,
                        nome
                    )
                    VALUES(
                        '777374837',
                        'Rogerio Antunes Figueiredo'
                    );

INSERT INTO Cliente (   
                        nifCliente,
                        nome
                    )
                    VALUES(
                        '156703269',
                        'Joao Tiago Pereira Lopes'
                    );

INSERT INTO Cliente (   
                        nifCliente,
                        nome
                    )
                    VALUES(
                        '115299474',
                        'Beatriz Teixeira da Cunha'
                    );

INSERT INTO Cliente (   
                        nifCliente,
                        nome
                    )
                    VALUES(
                        '881739114',
                        'Jorge Marques Almeida'
                    );

INSERT INTO Cliente (   
                        nifCliente,
                        nome
                    )
                    VALUES(
                        '570208196',
                        'Ricardo Jorge Pinto'
                    );

INSERT INTO Cliente (   
                        nifCliente,
                        nome
                    )
                    VALUES(
                        '459032296',
                        'Elisa Nogueira Teixeira'
                    );

INSERT INTO Cliente (   
                        nifCliente,
                        nome
                    )
                    VALUES(
                        '099922403',
                        'Miguel Monteiro Mendes'
                    );

INSERT INTO Cliente (   
                        nifCliente,
                        nome
                    )
                    VALUES(
                        '219213078',
                        'Rafaela Alexandra Silva'
                    );

INSERT INTO Cliente (   
                        nifCliente,
                        nome
                    )
                    VALUES(
                        '025456613',
                        'Fernanda Lima Raposo'
                    );

INSERT INTO Cliente (   
                        nifCliente,
                        nome
                    )
                    VALUES(
                        '201329033',
                        'Margarida Gomes Godinho Completo'
                    );

INSERT INTO Cliente (   
                        nifCliente,
                        nome
                    )
                    VALUES(
                        '456702207',
                        'Joana Ribeiro Gomes'
                    );

INSERT INTO Cliente (   
                        nifCliente,
                        nome
                    )
                    VALUES(
                        '798467573',
                        'Susana Isabel Lessa'
                    );

INSERT INTO Cliente (   
                        nifCliente,
                        nome
                    )
                    VALUES(
                        '623677721',
                        'Vasco Miguel Macedo'
                    );

INSERT INTO Cliente (   
                        nifCliente,
                        nome
                    )
                    VALUES(
                        '689860351',
                        'Maria do Ceu Ferreira'
                    );

INSERT INTO Cliente (   
                        nifCliente,
                        nome
                    )
                    VALUES(
                        '617323133',
                        'Matilde Miranda Vaz'
                    );


--Table: Estacao
INSERT INTO Estacao (   
                        nomeEstacao,
                        morada,
                        codigoPostal,
                        localidade
                    )
                    VALUES(
                        'Campanha',
                        'Largo da Estacao',
                        '4300-173',
                        'Porto'
                    );

INSERT INTO Estacao (   
                        nomeEstacao,
                        morada,
                        codigoPostal,
                        localidade
                    )
                    VALUES(
                        'Sao Bento',
                        'Praca Almeida Garrett',
                        '4000-069',
                        'Porto'
                    );

INSERT INTO Estacao (   
                        nomeEstacao,
                        morada,
                        codigoPostal,
                        localidade
                    )
                    VALUES(
                        'Santa Apolonia',
                        'Av. Infante D. Henrique',
                        '1149-066',
                        'Lisboa'
                    );

INSERT INTO Estacao (   
                        nomeEstacao,
                        morada,
                        codigoPostal,
                        localidade
                    )
                    VALUES(
                        'Oriente',
                        'Edificio Gare do Oriente, Piso 1 - Av. D. Joao II',
                        '4000-069',
                        'Lisboa'
                    );

INSERT INTO Estacao (   
                        nomeEstacao,
                        morada,
                        codigoPostal,
                        localidade
                    )
                    VALUES(
                        'Coimbra',
                        'Largo da Ameias',
                        '3000-024',
                        'Coimbra'
                    );

INSERT INTO Estacao (   
                        nomeEstacao,
                        morada,
                        codigoPostal,
                        localidade
                    )
                    VALUES(
                        'Coimbra-B',
                        'Rua do Padrao - Eiras',
                        '3025-045',
                        'Coimbra'
                    );

INSERT INTO Estacao (   
                        nomeEstacao,
                        morada,
                        codigoPostal,
                        localidade
                    )
                    VALUES(
                        'Figueira da Foz',
                        'Largo da Estacao',
                        '3080-021',
                        'Figueira da Foz'
                    );

INSERT INTO Estacao (   
                        nomeEstacao,
                        morada,
                        codigoPostal,
                        localidade
                    )
                    VALUES(
                        'Aveiro',
                        'Largo da Estacao dos Caminhos de Ferro',
                        '3800-179',
                        'Aveiro'
                    );

INSERT INTO Estacao (   
                        nomeEstacao,
                        morada,
                        codigoPostal,
                        localidade
                    )
                    VALUES(
                        'Pampilhosa',
                        'Rua da Estacao de Caminhos de Ferro',
                        '3050-443',
                        'Pampilhosa'
                    );

INSERT INTO Estacao (   
                        nomeEstacao,
                        morada,
                        codigoPostal,
                        localidade
                    )
                    VALUES(
                        'Oliveira do Bairro',
                        'Largo da Estacao',
                        '3770-921',
                        'Oliveira do Bairro'
                    );

INSERT INTO Estacao (   
                        nomeEstacao,
                        morada,
                        codigoPostal,
                        localidade
                    )
                    VALUES(
                        'Mealhada',
                        'Av. Dr. Manuel Lousado',
                        '3050-343',
                        'Mealhada'
                    );

INSERT INTO Estacao (   
                        nomeEstacao,
                        morada,
                        codigoPostal,
                        localidade
                    )
                    VALUES(
                        'Formoselha',
                        'Largo da Estacao',
                        '3140-401',
                        'Formoselha'
                    );

INSERT INTO Estacao (   
                        nomeEstacao,
                        morada,
                        codigoPostal,
                        localidade
                    )
                    VALUES(
                        'Pombal',
                        'Largo Salgueiro Maia',
                        '3100-495',
                        'Pombal'
                    );

INSERT INTO Estacao (   
                        nomeEstacao,
                        morada,
                        codigoPostal,
                        localidade
                    )
                    VALUES(
                        'Faro',
                        'Largo da Estacao dos Caminhos de Ferro',
                        '8000-133',
                        'Faro'
                    );

INSERT INTO Estacao (   
                        nomeEstacao,
                        morada,
                        codigoPostal,
                        localidade
                    )
                    VALUES(
                        'Tunes',
                        'Largo 13 de Maio',
                        '8365-235',
                        'Tunes'
                    );

--Table: Maquinista
INSERT INTO Maquinista (   
                        nifMaquinista,
                        nome,
                        idade,
                        numTelefone,
                        numLicensa
                    )
                    VALUES(
                        '659387578',
                        'Afonso Martins Andrade',
                        25,
                        '224953213',
                        '406636544693'
                    );

INSERT INTO Maquinista (   
                        nifMaquinista,
                        nome,
                        idade,
                        numTelefone,
                        numLicensa
                    )
                    VALUES(
                        '119608152',
                        'Tiago Martins Andrade',
                        42,
                        '224953213',
                        '820439607970'
                    );

INSERT INTO Maquinista (   
                        nifMaquinista,
                        nome,
                        idade,
                        numTelefone,
                        numLicensa
                    )
                    VALUES(
                        '052416241',
                        'Joana Wilson Vieira',
                        32,
                        '227807169',
                        '677901396343'
                    );


--Table: Bilheteiro
INSERT INTO Bilheteiro (   
                        nifBilheteiro,
                        nome,
                        idade,
                        numTelefone,
                        numLicensa,
                        nomeEstacao
                    )
                    VALUES(
                        '139514911',
                        'Artur de Melo e Silva',
                        47,
                        '221959546',
                        '678098123555',
                        'Campanha'
                    );

INSERT INTO Bilheteiro (   
                        nifBilheteiro,
                        nome,
                        idade,
                        numTelefone,
                        numLicensa,
                        nomeEstacao
                    )
                    VALUES(
                        '956978340',
                        'Madalena de Mello Sottomayor',
                        45,
                        '223772211',
                        '890984567000',
                        'Oriente'
                    );


--Table: Revisor
INSERT INTO Revisor (   
                        nifRevisor,
                        nome,
                        idade,
                        numTelefone,
                        identificacao
                    )
                    VALUES(
                        '706598544',
                        'Ruben Andre Ferreira',
                        23,
                        '227513482',
                        '095727970'
                    );

INSERT INTO Revisor (   
                        nifRevisor,
                        nome,
                        idade,
                        numTelefone,
                        identificacao
                    )
                    VALUES(
                        '047417167',
                        'Mariana Sousa Lopes',
                        18,
                        '224650740',
                        '935945325'
                    );

INSERT INTO Revisor (   
                        nifRevisor,
                        nome,
                        idade,
                        numTelefone,
                        identificacao
                    )
                    VALUES(
                        '092797409',
                        'Ana Julia Fonseca',
                        56,
                        '221843510',
                        '399791515'
                    );

INSERT INTO Revisor (   
                        nifRevisor,
                        nome,
                        idade,
                        numTelefone,
                        identificacao
                    )
                    VALUES(
                        '848547067',
                        'Tiago Mendes Saramago',
                        42,
                        '221322154',
                        '570404235'
                    );

INSERT INTO Revisor (   
                        nifRevisor,
                        nome,
                        idade,
                        numTelefone,
                        identificacao
                    )
                    VALUES(
                        '601853725',
                        'Afonso Martins Andrade',
                        38,
                        '226642122',
                        '223091524'
                    );


--Table: CargaCaracteristicas
INSERT INTO ComboioCaracteristicas(   
                        marca,
                        modelo,
                        velMaxima,
                        maxCarga,
                        lugares
                    )
                    VALUES(
                        'GE Transportation',
                        'NAHX 44703',
                        103,
                        3.8,
                        null
                    );

INSERT INTO ComboioCaracteristicas(   
                        marca,
                        modelo,
                        velMaxima,
                        maxCarga,
                        lugares
                    )
                    VALUES(
                        'GE Transportation',
                        'NAHX 38781',
                        97,
                        4.2,
                        null
                    );
                
--Table: PassageirosCaracteristicas
INSERT INTO ComboioCaracteristicas(   
                        marca,
                        modelo,
                        velMaxima,
                        maxCarga,
                        lugares
                    )
                    VALUES(
                        'Stadler',
                        'Regio-Shuttle RS1',
                        193,
                        null,
                        120
                    );

INSERT INTO ComboioCaracteristicas(   
                        marca,
                        modelo,
                        velMaxima,
                        maxCarga,
                        lugares
                    )
                    VALUES(
                        'Stadler',
                        'FLIRT',
                        203,
                        null,
                        115
                    );

INSERT INTO ComboioCaracteristicas(   
                        marca,
                        modelo,
                        velMaxima,
                        maxCarga,
                        lugares
                    )
                    VALUES(
                        'Stadler',
                        'SPATZ',
                        213,
                        null,
                        120
                    );

INSERT INTO ComboioCaracteristicas(   
                        marca,
                        modelo,
                        velMaxima,
                        maxCarga,
                        lugares
                    )
                    VALUES(
                        'Korail',
                        'ITX-Saemaul',
                        290,
                        null,
                        230
                    );

INSERT INTO ComboioCaracteristicas(   
                        marca,
                        modelo,
                        velMaxima,
                        maxCarga,
                        lugares
                    )
                    VALUES(
                        'DB',
                        'ICE 4',
                        201,
                        null,
                        110
                    );

--Table: Comboio
INSERT INTO Comboio (   
                        marca,
                        modelo
                    )
                    VALUES(
                        'GE Transportation',
                        'NAHX 44703'
                    );

INSERT INTO Comboio (   
                        marca,
                        modelo
                    )
                    VALUES(
                        'GE Transportation',
                        'NAHX 44703'
                    );

INSERT INTO Comboio (   
                        marca,
                        modelo
                    )
                    VALUES(
                        'GE Transportation',
                        'NAHX 44703'
                    );

INSERT INTO Comboio (   
                        marca,
                        modelo
                    )
                    VALUES(
                        'GE Transportation',
                        'NAHX 38781'
                    );

INSERT INTO Comboio (   
                        marca,
                        modelo
                    )
                    VALUES(
                        'GE Transportation',
                        'NAHX 38781'
                    );

--Table: ComboioPassageiros
INSERT INTO Comboio (   
                        marca,
                        modelo
                    )
                    VALUES(
                        'Stadler',
                        'Regio-Shuttle RS1'
                    );

INSERT INTO Comboio (   
                        marca,
                        modelo
                    )
                    VALUES(
                        'Stadler',
                        'FLIRT'
                    );

INSERT INTO Comboio (   
                        marca,
                        modelo
                    )
                    VALUES(
                        'Stadler',
                        'FLIRT'
                    );

INSERT INTO Comboio (   
                        marca,
                        modelo
                    )
                    VALUES(
                        'Stadler',
                        'SPATZ'
                    );

INSERT INTO Comboio (   
                        marca,
                        modelo
                    )
                    VALUES(
                        'Korail',
                        'ITX-Saemaul'
                    );


INSERT INTO Comboio (   
                        marca,
                        modelo
                    )
                    VALUES(
                        'Korail',
                        'ITX-Saemaul'
                    );

INSERT INTO Comboio (   
                        marca,
                        modelo
                    )
                    VALUES(
                        'DB',
                        'ICE 4'
                    );


--Table: Rota
INSERT INTO Rota(   
                    titulo,
                    nomeServico
                )
                VALUES(
                    'Porto/Faro',
                    'Alfa-Pendular'
                );

INSERT INTO Rota(   
                    titulo,
                    nomeServico
                )
                VALUES(
                    'Lisboa/Porto',
                    'Intercidades'
                );

INSERT INTO Rota(   
                    titulo,
                    nomeServico
                )
                VALUES(
                    'Porto/Lisboa',
                    'Intercidades'
                );

INSERT INTO Rota(   
                    titulo,
                    nomeServico
                )
                VALUES(
                    'Coimbra/Aveiro',
                    'Regional'
                );

INSERT INTO Rota(   
                    titulo,
                    nomeServico
                )
                VALUES(
                    'Aveiro/Coimbra',
                    'Regional'
                );

INSERT INTO Rota(   
                    titulo,
                    nomeServico
                )
                VALUES(
                    NULL,
                    'Urbano'
                );

INSERT INTO Rota(   
                    titulo,
                    nomeServico
                )
                VALUES(
                    NULL,
                    'Cargas'
                );


--Table: Informacao
INSERT INTO Informacao(   
                    nomeEstacao,
                    idRota,
                    tempoDeChegada
                )
                VALUES(
                    'Campanha',
                    1,
                    0
                );

INSERT INTO Informacao(   
                    nomeEstacao,
                    idRota,
                    tempoDeChegada
                )
                VALUES(
                    'Aveiro',
                    1,
                    49
                );

INSERT INTO Informacao(   
                    nomeEstacao,
                    idRota,
                    tempoDeChegada
                )
                VALUES(
                    'Coimbra-B',
                    1,
                    76
                );

INSERT INTO Informacao(   
                    nomeEstacao,
                    idRota,
                    tempoDeChegada
                )
                VALUES(
                    'Oriente',
                    1,
                    171
                );

INSERT INTO Informacao(   
                    nomeEstacao,
                    idRota,
                    tempoDeChegada
                )
                VALUES(
                    'Tunes',
                    1,
                    323
                );

INSERT INTO Informacao(   
                    nomeEstacao,
                    idRota,
                    tempoDeChegada
                )
                VALUES(
                    'Faro',
                    1,
                    351
                );

INSERT INTO Informacao(   
                    nomeEstacao,
                    idRota,
                    tempoDeChegada
                )
                VALUES(
                    'Oriente',
                    2,
                    0
                );

INSERT INTO Informacao(   
                    nomeEstacao,
                    idRota,
                    tempoDeChegada
                )
                VALUES(
                    'Pombal',
                    2,
                    83
                );

INSERT INTO Informacao(   
                    nomeEstacao,
                    idRota,
                    tempoDeChegada
                )
                VALUES(
                    'Coimbra-B',
                    2,
                    108
                );

INSERT INTO Informacao(   
                    nomeEstacao,
                    idRota,
                    tempoDeChegada
                )
                VALUES(
                    'Mealhada',
                    2,
                    121
                );

INSERT INTO Informacao(   
                    nomeEstacao,
                    idRota,
                    tempoDeChegada
                )
                VALUES(
                    'Aveiro',
                    2,
                    141
                );

INSERT INTO Informacao(   
                    nomeEstacao,
                    idRota,
                    tempoDeChegada
                )
                VALUES(
                    'Campanha',
                    2,
                    194
                );

INSERT INTO Informacao(   
                    nomeEstacao,
                    idRota,
                    tempoDeChegada
                )
                VALUES(
                    'Campanha',
                    3,
                    0
                );

INSERT INTO Informacao(   
                    nomeEstacao,
                    idRota,
                    tempoDeChegada
                )
                VALUES(
                    'Aveiro',
                    3,
                    55
                );

INSERT INTO Informacao(   
                    nomeEstacao,
                    idRota,
                    tempoDeChegada
                )
                VALUES(
                    'Mealhada',
                    3,
                    72
                );

INSERT INTO Informacao(   
                    nomeEstacao,
                    idRota,
                    tempoDeChegada
                )
                VALUES(
                    'Coimbra-B',
                    3,
                    87
                );

INSERT INTO Informacao(   
                    nomeEstacao,
                    idRota,
                    tempoDeChegada
                )
                VALUES(
                    'Pombal',
                    3,
                    112
                );

INSERT INTO Informacao(   
                    nomeEstacao,
                    idRota,
                    tempoDeChegada
                )
                VALUES(
                    'Oriente',
                    3,
                    195
                );

INSERT INTO Informacao(   
                    nomeEstacao,
                    idRota,
                    tempoDeChegada
                )
                VALUES(
                    'Coimbra',
                    4,
                    0
                );

INSERT INTO Informacao(   
                    nomeEstacao,
                    idRota,
                    tempoDeChegada
                )
                VALUES(
                    'Coimbra-B',
                    4,
                    4
                );

INSERT INTO Informacao(   
                    nomeEstacao,
                    idRota,
                    tempoDeChegada
                )
                VALUES(
                    'Pampilhosa',
                    4,
                    21
                );

INSERT INTO Informacao(   
                    nomeEstacao,
                    idRota,
                    tempoDeChegada
                )
                VALUES(
                    'Mealhada',
                    4,
                    25
                );

INSERT INTO Informacao(   
                    nomeEstacao,
                    idRota,
                    tempoDeChegada
                )
                VALUES(
                    'Oliveira do Bairro',
                    4,
                    43
                );

INSERT INTO Informacao(   
                    nomeEstacao,
                    idRota,
                    tempoDeChegada
                )
                VALUES(
                    'Aveiro',
                    4,
                    60
                );

INSERT INTO Informacao(   
                    nomeEstacao,
                    idRota,
                    tempoDeChegada
                )
                VALUES(
                    'Aveiro',
                    5,
                    0
                );

INSERT INTO Informacao(   
                    nomeEstacao,
                    idRota,
                    tempoDeChegada
                )
                VALUES(
                    'Oliveira do Bairro',
                    5,
                    17
                );

INSERT INTO Informacao(   
                    nomeEstacao,
                    idRota,
                    tempoDeChegada
                )
                VALUES(
                    'Mealhada',
                    5,
                    35
                );

INSERT INTO Informacao(   
                    nomeEstacao,
                    idRota,
                    tempoDeChegada
                )
                VALUES(
                    'Pampilhosa',
                    5,
                    39
                );

INSERT INTO Informacao(   
                    nomeEstacao,
                    idRota,
                    tempoDeChegada
                )
                VALUES(
                    'Coimbra-B',
                    5,
                    56
                );

INSERT INTO Informacao(   
                    nomeEstacao,
                    idRota,
                    tempoDeChegada
                )
                VALUES(
                    'Coimbra',
                    5,
                    60
                );

INSERT INTO Informacao(   
                    nomeEstacao,
                    idRota,
                    tempoDeChegada
                )
                VALUES(
                    'Coimbra',
                    6,
                    0
                );

INSERT INTO Informacao(   
                    nomeEstacao,
                    idRota,
                    tempoDeChegada
                )
                VALUES(
                    'Coimbra-B',
                    6,
                    9
                );

INSERT INTO Informacao(   
                    nomeEstacao,
                    idRota,
                    tempoDeChegada
                )
                VALUES(
                    'Formoselha',
                    6,
                    34
                );

INSERT INTO Informacao(   
                    nomeEstacao,
                    idRota,
                    tempoDeChegada
                )
                VALUES(
                    'Figueira da Foz',
                    6,
                    70
                );

INSERT INTO Informacao(   
                    nomeEstacao,
                    idRota,
                    tempoDeChegada
                )
                VALUES(
                    'Campanha',
                    7,
                    0
                );

INSERT INTO Informacao(   
                    nomeEstacao,
                    idRota,
                    tempoDeChegada
                )
                VALUES(
                    'Santa Apolonia',
                    7,
                    252
                );



--Table: Viagem
INSERT INTO Viagem(   
                    dataDePartida,
                    dataDeChegada,
                    idComboio,
                    idRota,
                    nifMaquinista
                )
                VALUES(
                    '2021-05-10 09:30',
                    '2021-05-10 15:21',
                    10,
                    1,
                    '119608152'   
                );

INSERT INTO Viagem(   
                    dataDePartida,
                    dataDeChegada,
                    idComboio,
                    idRota,
                    nifMaquinista
                )
                VALUES(
                    '2021-05-10 10:30',
                    '2021-05-10 13:44',
                    9,
                    2,
                    '659387578'   
                );

INSERT INTO Viagem(   
                    dataDePartida,
                    dataDeChegada,
                    idComboio,
                    idRota,
                    nifMaquinista
                )
                VALUES(
                    '2021-05-11 11:30',
                    '2021-05-11 14:45',
                    11,
                    3,
                    '052416241'   
                );

INSERT INTO Viagem(   
                    dataDePartida,
                    dataDeChegada,
                    idComboio,
                    idRota,
                    nifMaquinista
                )
                VALUES(
                    '2021-05-11 17:30',
                    '2021-05-11 20:45',
                    12,
                    3,
                    '659387578'     
                );

INSERT INTO Viagem(   
                    dataDePartida,
                    dataDeChegada,
                    idComboio,
                    idRota,
                    nifMaquinista
                )
                VALUES(
                    '2021-05-12 08:30',
                    '2021-05-12 09:30',
                    6,
                    4,
                    '119608152'      
                );

INSERT INTO Viagem(   
                    dataDePartida,
                    dataDeChegada,
                    idComboio,
                    idRota,
                    nifMaquinista
                )
                VALUES(
                    '2021-05-12 15:30',
                    '2021-05-12 16:30',
                    6,
                    5,
                    '119608152'      
                );

INSERT INTO Viagem(   
                    dataDePartida,
                    dataDeChegada,
                    idComboio,
                    idRota,
                    nifMaquinista
                )
                VALUES(
                    '2021-05-15 18:00',
                    '2021-05-15 21:15',
                    9,
                    3,
                    '659387578'       
                );

INSERT INTO Viagem(   
                    dataDePartida,
                    dataDeChegada,
                    idComboio,
                    idRota,
                    nifMaquinista
                )
                VALUES(
                    '2021-06-01 10:00',
                    '2021-06-01 15:51',
                    8,
                    1,
                    '052416241'        
                );

INSERT INTO Viagem(   
                    dataDePartida,
                    dataDeChegada,
                    idComboio,
                    idRota,
                    nifMaquinista
                )
                VALUES(
                    '2021-07-03 15:45',
                    '2021-07-03 21:36',
                    7,
                    1,
                    '659387578'       
                );

INSERT INTO Viagem(   
                    dataDePartida,
                    dataDeChegada,
                    idComboio,
                    idRota,
                    nifMaquinista
                )
                VALUES(
                    '2021-07-18 10:00',
                    '2021-07-18 13:15',
                    10,
                    3,
                    '052416241'        
                );

INSERT INTO Viagem(   
                    dataDePartida,
                    dataDeChegada,
                    idComboio,
                    idRota,
                    nifMaquinista
                )
                VALUES(
                    '2021-07-29 10:00',
                    '2021-07-29 11:00',
                    12,
                    4,
                    '119608152'        
                );

INSERT INTO Viagem(   
                    dataDePartida,
                    dataDeChegada,
                    idComboio,
                    idRota,
                    nifMaquinista
                )
                VALUES(
                    '2021-07-29 19:30',
                    '2021-07-29 22:44',
                    8,
                    2,
                    '052416241'        
                );

INSERT INTO Viagem(   
                    dataDePartida,
                    dataDeChegada,
                    idComboio,
                    idRota,
                    nifMaquinista
                )
                VALUES(
                    '2021-07-31 07:52',
                    '2021-07-31 12:04',
                    2,
                    7,
                    '052416241'        
                );


--Table: Bilhete
INSERT INTO Bilhete(   
                    lugarDestinado,
                    nifCliente,
                    nomeEstacaoPartida,
                    nomeEstacaoChegada,
                    idViagem,
                    nifBilheteiro
                )
                VALUES(
                    '43A',
                    '131199282',
                    'Campanha',
                    'Tunes',
                    1,
                    '139514911'
                );

INSERT INTO Bilhete(   
                    lugarDestinado,
                    nifCliente,
                    nomeEstacaoPartida,
                    nomeEstacaoChegada,
                    idViagem,
                    nifBilheteiro
                )
                VALUES(
                    '45B',
                    '766573459',
                    'Campanha',
                    'Tunes',
                    1,
                    '139514911'
                );


INSERT INTO Bilhete(   
                    lugarDestinado,
                    nifCliente,
                    nomeEstacaoPartida,
                    nomeEstacaoChegada,
                    idViagem,
                    nifBilheteiro
                )
                VALUES(
                    '19A',
                    '773734252',
                    'Campanha',
                    'Tunes',
                    1,
                    '139514911'
                );

INSERT INTO Bilhete(   
                    lugarDestinado,
                    nifCliente,
                    nomeEstacaoPartida,
                    nomeEstacaoChegada,
                    idViagem,
                    nifBilheteiro
                )
                VALUES(
                    '38A',
                    '545580961',
                    'Campanha',
                    'Tunes',
                    1,
                    '139514911'
                );

INSERT INTO Bilhete(   
                    lugarDestinado,
                    nifCliente,
                    nomeEstacaoPartida,
                    nomeEstacaoChegada,
                    idViagem,
                    nifBilheteiro
                )
                VALUES(
                    '08C',
                    '115299474',
                    'Oriente',
                    'Campanha',
                    2,
                    '956978340'
                );

INSERT INTO Bilhete(   
                    lugarDestinado,
                    nifCliente,
                    nomeEstacaoPartida,
                    nomeEstacaoChegada,
                    idViagem,
                    nifBilheteiro
                )
                VALUES(
                    '65A',
                    '570208196',
                    'Oriente',
                    'Campanha',
                    2,
                    '956978340'
                );                

INSERT INTO Bilhete(   
                    lugarDestinado,
                    nifCliente,
                    nomeEstacaoPartida,
                    nomeEstacaoChegada,
                    idViagem,
                    nifBilheteiro
                )
                VALUES(
                    '75B',
                    '834419570',
                    'Campanha',
                    'Oriente',
                    3,
                    '139514911'
                );

INSERT INTO Bilhete(   
                    lugarDestinado,
                    nifCliente,
                    nomeEstacaoPartida,
                    nomeEstacaoChegada,
                    idViagem,
                    nifBilheteiro
                )
                VALUES(
                    '75B',
                    '623677721',
                    'Campanha',
                    'Oriente',
                    3,
                    '139514911'
                );

INSERT INTO Bilhete(   
                    lugarDestinado,
                    nifCliente,
                    nomeEstacaoPartida,
                    nomeEstacaoChegada,
                    idViagem,
                    nifBilheteiro
                )
                VALUES(
                    '23A',
                    '025456613',
                    'Aveiro',
                    'Coimbra-B',
                    6,
                    NULL
                );

INSERT INTO Bilhete(   
                    lugarDestinado,
                    nifCliente,
                    nomeEstacaoPartida,
                    nomeEstacaoChegada,
                    idViagem,
                    nifBilheteiro
                )
                VALUES(
                    '23B',
                    '766573459',
                    'Aveiro',
                    'Coimbra-B',
                    6,
                    NULL
                );

INSERT INTO Bilhete(   
                    lugarDestinado,
                    nifCliente,
                    nomeEstacaoPartida,
                    nomeEstacaoChegada,
                    idViagem,
                    nifBilheteiro
                )
                VALUES(
                    '02A',
                    '766573459',
                    'Aveiro',
                    'Coimbra-B',
                    6,
                    NULL
                );

INSERT INTO Bilhete(   
                    lugarDestinado,
                    nifCliente,
                    nomeEstacaoPartida,
                    nomeEstacaoChegada,
                    idViagem,
                    nifBilheteiro
                )
                VALUES(
                    '15C',
                    '131199282',
                    'Aveiro',
                    'Coimbra-B',
                    6,
                    NULL
                );

INSERT INTO Bilhete(   
                    lugarDestinado,
                    nifCliente,
                    nomeEstacaoPartida,
                    nomeEstacaoChegada,
                    idViagem,
                    nifBilheteiro
                )
                VALUES(
                    '33C',
                    '798467573',
                    'Aveiro',
                    'Coimbra-B',
                    6,
                    NULL
                );

--Table: BilhetePreço
INSERT INTO BilhetePreco(   
                    nomeEstacaoPartida,
                    nomeEstacaoChegada,
                    idViagem,
                    preco
                )
                VALUES(
                    'Campanha',
                    'Tunes',
                    1,
                    30.0
                );

INSERT INTO BilhetePreco(   
                    nomeEstacaoPartida,
                    nomeEstacaoChegada,
                    idViagem,
                    preco
                )
                VALUES(
                    'Oriente',
                    'Campanha',
                    2,
                    15.50
                );


INSERT INTO BilhetePreco(   
                    nomeEstacaoPartida,
                    nomeEstacaoChegada,
                    idViagem,
                    preco
                )
                VALUES(
                    'Campanha',
                    'Oriente',
                    3,
                    15.50
                );

INSERT INTO BilhetePreco(   
                    nomeEstacaoPartida,
                    nomeEstacaoChegada,
                    idViagem,
                    preco
                )
                VALUES(
                    'Aveiro',
                    'Coimbra-B',
                    6,
                    10.30
                );

-- Table : Assinatura
INSERT INTO Assinatura(
                    nifCliente,
                    nomeServico,
                    IDPasse
                )
                VALUES(
                    '617323133',
                    'Alfa-Pendular',
                    987123
                );

INSERT INTO Assinatura(
                    nifCliente,
                    nomeServico,
                    IDPasse
                )
                VALUES(
                    '623677721',
                    'Alfa-Pendular',
                    987124
                );

INSERT INTO Assinatura(
                    nifCliente,
                    nomeServico,
                    IDPasse
                )
                VALUES(
                    '456702207',
                    'Regional',
                    852741
                );

INSERT INTO Assinatura(
                    nifCliente,
                    nomeServico,
                    IDPasse
                )
                VALUES(
                    '156703269',
                    'Intercidades',
                    963321
                );

INSERT INTO Assinatura(
                    nifCliente,
                    nomeServico,
                    IDPasse
                )
                VALUES(
                    '623677721',
                    'Intercidades',
                    125212
                );

INSERT INTO Assinatura(
                    nifCliente,
                    nomeServico,
                    IDPasse
                )
                VALUES(
                    '773734252',
                    'Urbano',
                    723212
                );

INSERT INTO Assinatura(
                    nifCliente,
                    nomeServico,
                    IDPasse
                )
                VALUES(
                    '777374837',
                    'Urbano',
                    223212
                );

INSERT INTO Assinatura(
                    nifCliente,
                    nomeServico,
                    IDPasse
                )
                VALUES(
                    '156703269',
                    'Urbano',
                    125212
                );

INSERT INTO Assinatura(
                    nifCliente,
                    nomeServico,
                    IDPasse
                )
                VALUES(
                    '115299474',
                    'Urbano',
                    123252
                );

INSERT INTO Assinatura(
                    nifCliente,
                    nomeServico,
                    IDPasse
                )
                VALUES(
                    '881739114',
                    'Urbano',
                    123214
                );

INSERT INTO Assinatura(
                    nifCliente,
                    nomeServico,
                    IDPasse
                )
                VALUES(
                    '570208196',
                    'Urbano',
                    123211
                );

INSERT INTO Assinatura(
                    nifCliente,
                    nomeServico,
                    IDPasse
                )
                VALUES(
                    '459032296',
                    'Urbano',
                    123213
                );

-- Table : RevisorViagem
INSERT INTO RevisorViagem(
                    nifRevisor,
                    idViagem
                )
                VALUES(
                    '706598544',
                    1
                );


INSERT INTO RevisorViagem(
                    nifRevisor,
                    idViagem
                )
                VALUES(
                    '848547067',
                    1
                );

INSERT INTO RevisorViagem(
                    nifRevisor,
                    idViagem
                )
                VALUES(
                    '601853725',
                    2
                );

INSERT INTO RevisorViagem(
                    nifRevisor,
                    idViagem
                )
                VALUES(
                    '601853725',
                    3
                );
                
INSERT INTO RevisorViagem(
                    nifRevisor,
                    idViagem
                )
                VALUES(
                    '092797409',
                    4
                );

INSERT INTO RevisorViagem(
                    nifRevisor,
                    idViagem
                )
                VALUES(
                    '848547067',
                    4
                );

INSERT INTO RevisorViagem(
                    nifRevisor,
                    idViagem
                )
                VALUES(
                    '601853725',
                    4
                );
                
INSERT INTO RevisorViagem(
                    nifRevisor,
                    idViagem
                )
                VALUES(
                    '047417167',
                    5
                );
                
INSERT INTO RevisorViagem(
                    nifRevisor,
                    idViagem
                )
                VALUES(
                    '092797409',
                    6
                );
                
INSERT INTO RevisorViagem(
                    nifRevisor,
                    idViagem
                )
                VALUES(
                    '047417167',
                    6
                );

INSERT INTO RevisorViagem(
                    nifRevisor,
                    idViagem
                )
                VALUES(
                    '047417167',
                    7
                );
                
INSERT INTO RevisorViagem(
                    nifRevisor,
                    idViagem
                )
                VALUES(
                    '706598544',
                    8
                );

